model,scaling,dataset,n,accuracy,macro_precision,macro_recall,macro_f1,training_accuracy
SVM RBF,None,RAVDESS,288,0.3472222222222222,0.29799387199871497,0.32633265856950067,0.2679101004757134,0.3342013888888889
SVM RBF,None,Personal,8,0.125,0.017857142857142856,0.125,0.03125,0.3342013888888889
SVM RBF,Standard,RAVDESS,288,0.53125,0.5270272051128144,0.5113866396761134,0.5105556612239914,0.7578125
SVM RBF,Standard,Personal,8,0.125,0.015625,0.125,0.027777777777777776,0.7578125
KNN,None,RAVDESS,288,0.4826388888888889,0.4630493991468765,0.4725877192982456,0.4641145022740647,1.0
KNN,None,Personal,8,0.0,0.0,0.0,0.0,1.0
KNN,Standard,RAVDESS,288,0.5416666666666666,0.5494223020647653,0.537533738191633,0.5313151277724358,1.0
KNN,Standard,Personal,8,0.125,0.017857142857142856,0.125,0.03125,1.0
Random Forest,None,RAVDESS,288,0.5451388888888888,0.5669412710460258,0.5315452091767882,0.5351070216457166,1.0
Random Forest,None,Personal,8,0.375,0.21875,0.375,0.2583333333333333,1.0
Random Forest,Standard,RAVDESS,288,0.5520833333333334,0.5674432294858102,0.5416666666666666,0.5407521574361909,1.0
Random Forest,Standard,Personal,8,0.25,0.16666666666666666,0.25,0.1875,1.0
Logistic Regression,None,RAVDESS,288,0.4340277777777778,0.42744570151546896,0.42004048582995945,0.4211904193908838,0.6588541666666666
Logistic Regression,None,Personal,8,0.125,0.041666666666666664,0.125,0.0625,0.6588541666666666
Logistic Regression,Standard,RAVDESS,288,0.4375,0.4324572875082213,0.43033063427800267,0.4300909876988615,0.7074652777777778
Logistic Regression,Standard,Personal,8,0.0,0.0,0.0,0.0,0.7074652777777778
