file,emotion,split
Actor_01/03-01-01-01-01-01-01.wav,neutral,train
Actor_01/03-01-01-01-01-02-01.wav,neutral,test
Actor_01/03-01-01-01-02-01-01.wav,neutral,test
Actor_01/03-01-01-01-02-02-01.wav,neutral,train
Actor_01/03-01-02-01-01-01-01.wav,calm,train
Actor_01/03-01-02-01-01-02-01.wav,calm,test
Actor_01/03-01-02-01-02-01-01.wav,calm,test
Actor_01/03-01-02-01-02-02-01.wav,calm,train
Actor_01/03-01-02-02-01-01-01.wav,calm,train
Actor_01/03-01-02-02-01-02-01.wav,calm,train
Actor_01/03-01-02-02-02-01-01.wav,calm,train
Actor_01/03-01-02-02-02-02-01.wav,calm,train
Actor_01/03-01-03-01-01-01-01.wav,happy,train
Actor_01/03-01-03-01-01-02-01.wav,happy,train
Actor_01/03-01-03-01-02-01-01.wav,happy,train
Actor_01/03-01-03-01-02-02-01.wav,happy,train
Actor_01/03-01-03-02-01-01-01.wav,happy,train
Actor_01/03-01-03-02-01-02-01.wav,happy,test
Actor_01/03-01-03-02-02-01-01.wav,happy,train
Actor_01/03-01-03-02-02-02-01.wav,happy,train
Actor_01/03-01-04-01-01-01-01.wav,sad,train
Actor_01/03-01-04-01-01-02-01.wav,sad,train
Actor_01/03-01-04-01-02-01-01.wav,sad,train
Actor_01/03-01-04-01-02-02-01.wav,sad,train
Actor_01/03-01-04-02-01-01-01.wav,sad,test
Actor_01/03-01-04-02-01-02-01.wav,sad,train
Actor_01/03-01-04-02-02-01-01.wav,sad,train
Actor_01/03-01-04-02-02-02-01.wav,sad,train
Actor_01/03-01-05-01-01-01-01.wav,angry,train
Actor_01/03-01-05-01-01-02-01.wav,angry,test
Actor_01/03-01-05-01-02-01-01.wav,angry,train
Actor_01/03-01-05-01-02-02-01.wav,angry,train
Actor_01/03-01-05-02-01-01-01.wav,angry,train
Actor_01/03-01-05-02-01-02-01.wav,angry,train
Actor_01/03-01-05-02-02-01-01.wav,angry,train
Actor_01/03-01-05-02-02-02-01.wav,angry,train
Actor_01/03-01-06-01-01-01-01.wav,fearful,train
Actor_01/03-01-06-01-01-02-01.wav,fearful,train
Actor_01/03-01-06-01-02-01-01.wav,fearful,train
Actor_01/03-01-06-01-02-02-01.wav,fearful,train
Actor_01/03-01-06-02-01-01-01.wav,fearful,test
Actor_01/03-01-06-02-01-02-01.wav,fearful,train
Actor_01/03-01-06-02-02-01-01.wav,fearful,test
Actor_01/03-01-06-02-02-02-01.wav,fearful,train
Actor_01/03-01-07-01-01-01-01.wav,disgust,train
Actor_01/03-01-07-01-01-02-01.wav,disgust,train
Actor_01/03-01-07-01-02-01-01.wav,disgust,train
Actor_01/03-01-07-01-02-02-01.wav,disgust,train
Actor_01/03-01-07-02-01-01-01.wav,disgust,test
Actor_01/03-01-07-02-01-02-01.wav,disgust,test
Actor_01/03-01-07-02-02-01-01.wav,disgust,train
Actor_01/03-01-07-02-02-02-01.wav,disgust,test
Actor_01/03-01-08-01-01-01-01.wav,surprised,train
Actor_01/03-01-08-01-01-02-01.wav,surprised,test
Actor_01/03-01-08-01-02-01-01.wav,surprised,train
Actor_01/03-01-08-01-02-02-01.wav,surprised,train
Actor_01/03-01-08-02-01-01-01.wav,surprised,train
Actor_01/03-01-08-02-01-02-01.wav,surprised,train
Actor_01/03-01-08-02-02-01-01.wav,surprised,test
Actor_01/03-01-08-02-02-02-01.wav,surprised,test
Actor_02/03-01-01-01-01-01-02.wav,neutral,test
Actor_02/03-01-01-01-01-02-02.wav,neutral,test
Actor_02/03-01-01-01-02-01-02.wav,neutral,train
Actor_02/03-01-01-01-02-02-02.wav,neutral,train
Actor_02/03-01-02-01-01-01-02.wav,calm,train
Actor_02/03-01-02-01-01-02-02.wav,calm,train
Actor_02/03-01-02-01-02-01-02.wav,calm,train
Actor_02/03-01-02-01-02-02-02.wav,calm,train
Actor_02/03-01-02-02-01-01-02.wav,calm,train
Actor_02/03-01-02-02-01-02-02.wav,calm,train
Actor_02/03-01-02-02-02-01-02.wav,calm,train
Actor_02/03-01-02-02-02-02-02.wav,calm,train
Actor_02/03-01-03-01-01-01-02.wav,happy,train
Actor_02/03-01-03-01-01-02-02.wav,happy,train
Actor_02/03-01-03-01-02-01-02.wav,happy,train
Actor_02/03-01-03-01-02-02-02.wav,happy,train
Actor_02/03-01-03-02-01-01-02.wav,happy,train
Actor_02/03-01-03-02-01-02-02.wav,happy,train
Actor_02/03-01-03-02-02-01-02.wav,happy,train
Actor_02/03-01-03-02-02-02-02.wav,happy,train
Actor_02/03-01-04-01-01-01-02.wav,sad,train
Actor_02/03-01-04-01-01-02-02.wav,sad,test
Actor_02/03-01-04-01-02-01-02.wav,sad,train
Actor_02/03-01-04-01-02-02-02.wav,sad,train
Actor_02/03-01-04-02-01-01-02.wav,sad,train
Actor_02/03-01-04-02-01-02-02.wav,sad,train
Actor_02/03-01-04-02-02-01-02.wav,sad,test
Actor_02/03-01-04-02-02-02-02.wav,sad,train
Actor_02/03-01-05-01-01-01-02.wav,angry,train
Actor_02/03-01-05-01-01-02-02.wav,angry,train
Actor_02/03-01-05-01-02-01-02.wav,angry,train
Actor_02/03-01-05-01-02-02-02.wav,angry,train
Actor_02/03-01-05-02-01-01-02.wav,angry,train
Actor_02/03-01-05-02-01-02-02.wav,angry,train
Actor_02/03-01-05-02-02-01-02.wav,angry,test
Actor_02/03-01-05-02-02-02-02.wav,angry,train
Actor_02/03-01-06-01-01-01-02.wav,fearful,test
Actor_02/03-01-06-01-01-02-02.wav,fearful,train
Actor_02/03-01-06-01-02-01-02.wav,fearful,train
Actor_02/03-01-06-01-02-02-02.wav,fearful,train
Actor_02/03-01-06-02-01-01-02.wav,fearful,train
Actor_02/03-01-06-02-01-02-02.wav,fearful,train
Actor_02/03-01-06-02-02-01-02.wav,fearful,train
Actor_02/03-01-06-02-02-02-02.wav,fearful,train
Actor_02/03-01-07-01-01-01-02.wav,disgust,train
Actor_02/03-01-07-01-01-02-02.wav,disgust,train
Actor_02/03-01-07-01-02-01-02.wav,disgust,train
Actor_02/03-01-07-01-02-02-02.wav,disgust,train
Actor_02/03-01-07-02-01-01-02.wav,disgust,test
Actor_02/03-01-07-02-01-02-02.wav,disgust,train
Actor_02/03-01-07-02-02-01-02.wav,disgust,test
Actor_02/03-01-07-02-02-02-02.wav,disgust,train
Actor_02/03-01-08-01-01-01-02.wav,surprised,train
Actor_02/03-01-08-01-01-02-02.wav,surprised,train
Actor_02/03-01-08-01-02-01-02.wav,surprised,test
Actor_02/03-01-08-01-02-02-02.wav,surprised,train
Actor_02/03-01-08-02-01-01-02.wav,surprised,train
Actor_02/03-01-08-02-01-02-02.wav,surprised,train
Actor_02/03-01-08-02-02-01-02.wav,surprised,train
Actor_02/03-01-08-02-02-02-02.wav,surprised,train
Actor_03/03-01-01-01-01-01-03.wav,neutral,train
Actor_03/03-01-01-01-01-02-03.wav,neutral,test
Actor_03/03-01-01-01-02-01-03.wav,neutral,test
Actor_03/03-01-01-01-02-02-03.wav,neutral,train
Actor_03/03-01-02-01-01-01-03.wav,calm,train
Actor_03/03-01-02-01-01-02-03.wav,calm,train
Actor_03/03-01-02-01-02-01-03.wav,calm,train
Actor_03/03-01-02-01-02-02-03.wav,calm,train
Actor_03/03-01-02-02-01-01-03.wav,calm,train
Actor_03/03-01-02-02-01-02-03.wav,calm,train
Actor_03/03-01-02-02-02-01-03.wav,calm,train
Actor_03/03-01-02-02-02-02-03.wav,calm,test
Actor_03/03-01-03-01-01-01-03.wav,happy,test
Actor_03/03-01-03-01-01-02-03.wav,happy,train
Actor_03/03-01-03-01-02-01-03.wav,happy,train
Actor_03/03-01-03-01-02-02-03.wav,happy,train
Actor_03/03-01-03-02-01-01-03.wav,happy,train
Actor_03/03-01-03-02-01-02-03.wav,happy,train
Actor_03/03-01-03-02-02-01-03.wav,happy,train
Actor_03/03-01-03-02-02-02-03.wav,happy,train
Actor_03/03-01-04-01-01-01-03.wav,sad,train
Actor_03/03-01-04-01-01-02-03.wav,sad,train
Actor_03/03-01-04-01-02-01-03.wav,sad,train
Actor_03/03-01-04-01-02-02-03.wav,sad,train
Actor_03/03-01-04-02-01-01-03.wav,sad,train
Actor_03/03-01-04-02-01-02-03.wav,sad,train
Actor_03/03-01-04-02-02-01-03.wav,sad,train
Actor_03/03-01-04-02-02-02-03.wav,sad,train
Actor_03/03-01-05-01-01-01-03.wav,angry,train
Actor_03/03-01-05-01-01-02-03.wav,angry,test
Actor_03/03-01-05-01-02-01-03.wav,angry,train
Actor_03/03-01-05-01-02-02-03.wav,angry,train
Actor_03/03-01-05-02-01-01-03.wav,angry,test
Actor_03/03-01-05-02-01-02-03.wav,angry,test
Actor_03/03-01-05-02-02-01-03.wav,angry,train
Actor_03/03-01-05-02-02-02-03.wav,angry,train
Actor_03/03-01-06-01-01-01-03.wav,fearful,train
Actor_03/03-01-06-01-01-02-03.wav,fearful,train
Actor_03/03-01-06-01-02-01-03.wav,fearful,train
Actor_03/03-01-06-01-02-02-03.wav,fearful,train
Actor_03/03-01-06-02-01-01-03.wav,fearful,train
Actor_03/03-01-06-02-01-02-03.wav,fearful,train
Actor_03/03-01-06-02-02-01-03.wav,fearful,train
Actor_03/03-01-06-02-02-02-03.wav,fearful,train
Actor_03/03-01-07-01-01-01-03.wav,disgust,train
Actor_03/03-01-07-01-01-02-03.wav,disgust,train
Actor_03/03-01-07-01-02-01-03.wav,disgust,test
Actor_03/03-01-07-01-02-02-03.wav,disgust,train
Actor_03/03-01-07-02-01-01-03.wav,disgust,train
Actor_03/03-01-07-02-01-02-03.wav,disgust,train
Actor_03/03-01-07-02-02-01-03.wav,disgust,train
Actor_03/03-01-07-02-02-02-03.wav,disgust,train
Actor_03/03-01-08-01-01-01-03.wav,surprised,train
Actor_03/03-01-08-01-01-02-03.wav,surprised,train
Actor_03/03-01-08-01-02-01-03.wav,surprised,train
Actor_03/03-01-08-01-02-02-03.wav,surprised,train
Actor_03/03-01-08-02-01-01-03.wav,surprised,train
Actor_03/03-01-08-02-01-02-03.wav,surprised,train
Actor_03/03-01-08-02-02-01-03.wav,surprised,train
Actor_03/03-01-08-02-02-02-03.wav,surprised,train
Actor_04/03-01-01-01-01-01-04.wav,neutral,test
Actor_04/03-01-01-01-01-02-04.wav,neutral,test
Actor_04/03-01-01-01-02-01-04.wav,neutral,train
Actor_04/03-01-01-01-02-02-04.wav,neutral,train
Actor_04/03-01-02-01-01-01-04.wav,calm,train
Actor_04/03-01-02-01-01-02-04.wav,calm,train
Actor_04/03-01-02-01-02-01-04.wav,calm,train
Actor_04/03-01-02-01-02-02-04.wav,calm,train
Actor_04/03-01-02-02-01-01-04.wav,calm,train
Actor_04/03-01-02-02-01-02-04.wav,calm,train
Actor_04/03-01-02-02-02-01-04.wav,calm,train
Actor_04/03-01-02-02-02-02-04.wav,calm,train
Actor_04/03-01-03-01-01-01-04.wav,happy,train
Actor_04/03-01-03-01-01-02-04.wav,happy,train
Actor_04/03-01-03-01-02-01-04.wav,happy,train
Actor_04/03-01-03-01-02-02-04.wav,happy,train
Actor_04/03-01-03-02-01-01-04.wav,happy,test
Actor_04/03-01-03-02-01-02-04.wav,happy,test
Actor_04/03-01-03-02-02-01-04.wav,happy,train
Actor_04/03-01-03-02-02-02-04.wav,happy,train
Actor_04/03-01-04-01-01-01-04.wav,sad,train
Actor_04/03-01-04-01-01-02-04.wav,sad,test
Actor_04/03-01-04-01-02-01-04.wav,sad,test
Actor_04/03-01-04-01-02-02-04.wav,sad,train
Actor_04/03-01-04-02-01-01-04.wav,sad,train
Actor_04/03-01-04-02-01-02-04.wav,sad,train
Actor_04/03-01-04-02-02-01-04.wav,sad,train
Actor_04/03-01-04-02-02-02-04.wav,sad,train
Actor_04/03-01-05-01-01-01-04.wav,angry,train
Actor_04/03-01-05-01-01-02-04.wav,angry,train
Actor_04/03-01-05-01-02-01-04.wav,angry,train
Actor_04/03-01-05-01-02-02-04.wav,angry,train
Actor_04/03-01-05-02-01-01-04.wav,angry,train
Actor_04/03-01-05-02-01-02-04.wav,angry,train
Actor_04/03-01-05-02-02-01-04.wav,angry,train
Actor_04/03-01-05-02-02-02-04.wav,angry,train
Actor_04/03-01-06-01-01-01-04.wav,fearful,train
Actor_04/03-01-06-01-01-02-04.wav,fearful,train
Actor_04/03-01-06-01-02-01-04.wav,fearful,test
Actor_04/03-01-06-01-02-02-04.wav,fearful,train
Actor_04/03-01-06-02-01-01-04.wav,fearful,test
Actor_04/03-01-06-02-01-02-04.wav,fearful,train
Actor_04/03-01-06-02-02-01-04.wav,fearful,train
Actor_04/03-01-06-02-02-02-04.wav,fearful,train
Actor_04/03-01-07-01-01-01-04.wav,disgust,train
Actor_04/03-01-07-01-01-02-04.wav,disgust,train
Actor_04/03-01-07-01-02-01-04.wav,disgust,train
Actor_04/03-01-07-01-02-02-04.wav,disgust,train
Actor_04/03-01-07-02-01-01-04.wav,disgust,train
Actor_04/03-01-07-02-01-02-04.wav,disgust,train
Actor_04/03-01-07-02-02-01-04.wav,disgust,train
Actor_04/03-01-07-02-02-02-04.wav,disgust,train
Actor_04/03-01-08-01-01-01-04.wav,surprised,train
Actor_04/03-01-08-01-01-02-04.wav,surprised,train
Actor_04/03-01-08-01-02-01-04.wav,surprised,train
Actor_04/03-01-08-01-02-02-04.wav,surprised,train
Actor_04/03-01-08-02-01-01-04.wav,surprised,test
Actor_04/03-01-08-02-01-02-04.wav,surprised,train
Actor_04/03-01-08-02-02-01-04.wav,surprised,train
Actor_04/03-01-08-02-02-02-04.wav,surprised,test
Actor_05/03-01-01-01-01-01-05.wav,neutral,train
Actor_05/03-01-01-01-01-02-05.wav,neutral,train
Actor_05/03-01-01-01-02-01-05.wav,neutral,train
Actor_05/03-01-01-01-02-02-05.wav,neutral,train
Actor_05/03-01-02-01-01-01-05.wav,calm,train
Actor_05/03-01-02-01-01-02-05.wav,calm,train
Actor_05/03-01-02-01-02-01-05.wav,calm,train
Actor_05/03-01-02-01-02-02-05.wav,calm,train
Actor_05/03-01-02-02-01-01-05.wav,calm,train
Actor_05/03-01-02-02-01-02-05.wav,calm,test
Actor_05/03-01-02-02-02-01-05.wav,calm,train
Actor_05/03-01-02-02-02-02-05.wav,calm,train
Actor_05/03-01-03-01-01-01-05.wav,happy,train
Actor_05/03-01-03-01-01-02-05.wav,happy,test
Actor_05/03-01-03-01-02-01-05.wav,happy,train
Actor_05/03-01-03-01-02-02-05.wav,happy,train
Actor_05/03-01-03-02-01-01-05.wav,happy,train
Actor_05/03-01-03-02-01-02-05.wav,happy,test
Actor_05/03-01-03-02-02-01-05.wav,happy,train
Actor_05/03-01-03-02-02-02-05.wav,happy,train
Actor_05/03-01-04-01-01-01-05.wav,sad,test
Actor_05/03-01-04-01-01-02-05.wav,sad,train
Actor_05/03-01-04-01-02-01-05.wav,sad,train
Actor_05/03-01-04-01-02-02-05.wav,sad,test
Actor_05/03-01-04-02-01-01-05.wav,sad,train
Actor_05/03-01-04-02-01-02-05.wav,sad,test
Actor_05/03-01-04-02-02-01-05.wav,sad,train
Actor_05/03-01-04-02-02-02-05.wav,sad,train
Actor_05/03-01-05-01-01-01-05.wav,angry,train
Actor_05/03-01-05-01-01-02-05.wav,angry,train
Actor_05/03-01-05-01-02-01-05.wav,angry,train
Actor_05/03-01-05-01-02-02-05.wav,angry,train
Actor_05/03-01-05-02-01-01-05.wav,angry,train
Actor_05/03-01-05-02-01-02-05.wav,angry,test
Actor_05/03-01-05-02-02-01-05.wav,angry,train
Actor_05/03-01-05-02-02-02-05.wav,angry,train
Actor_05/03-01-06-01-01-01-05.wav,fearful,train
Actor_05/03-01-06-01-01-02-05.wav,fearful,train
Actor_05/03-01-06-01-02-01-05.wav,fearful,train
Actor_05/03-01-06-01-02-02-05.wav,fearful,test
Actor_05/03-01-06-02-01-01-05.wav,fearful,train
Actor_05/03-01-06-02-01-02-05.wav,fearful,train
Actor_05/03-01-06-02-02-01-05.wav,fearful,test
Actor_05/03-01-06-02-02-02-05.wav,fearful,train
Actor_05/03-01-07-01-01-01-05.wav,disgust,train
Actor_05/03-01-07-01-01-02-05.wav,disgust,train
Actor_05/03-01-07-01-02-01-05.wav,disgust,train
Actor_05/03-01-07-01-02-02-05.wav,disgust,train
Actor_05/03-01-07-02-01-01-05.wav,disgust,train
Actor_05/03-01-07-02-01-02-05.wav,disgust,train
Actor_05/03-01-07-02-02-01-05.wav,disgust,train
Actor_05/03-01-07-02-02-02-05.wav,disgust,train
Actor_05/03-01-08-01-01-01-05.wav,surprised,train
Actor_05/03-01-08-01-01-02-05.wav,surprised,train
Actor_05/03-01-08-01-02-01-05.wav,surprised,test
Actor_05/03-01-08-01-02-02-05.wav,surprised,test
Actor_05/03-01-08-02-01-01-05.wav,surprised,train
Actor_05/03-01-08-02-01-02-05.wav,surprised,train
Actor_05/03-01-08-02-02-01-05.wav,surprised,train
Actor_05/03-01-08-02-02-02-05.wav,surprised,train
Actor_06/03-01-01-01-01-01-06.wav,neutral,train
Actor_06/03-01-01-01-01-02-06.wav,neutral,train
Actor_06/03-01-01-01-02-01-06.wav,neutral,test
Actor_06/03-01-01-01-02-02-06.wav,neutral,train
Actor_06/03-01-02-01-01-01-06.wav,calm,train
Actor_06/03-01-02-01-01-02-06.wav,calm,train
Actor_06/03-01-02-01-02-01-06.wav,calm,train
Actor_06/03-01-02-01-02-02-06.wav,calm,train
Actor_06/03-01-02-02-01-01-06.wav,calm,train
Actor_06/03-01-02-02-01-02-06.wav,calm,train
Actor_06/03-01-02-02-02-01-06.wav,calm,train
Actor_06/03-01-02-02-02-02-06.wav,calm,train
Actor_06/03-01-03-01-01-01-06.wav,happy,train
Actor_06/03-01-03-01-01-02-06.wav,happy,train
Actor_06/03-01-03-01-02-01-06.wav,happy,test
Actor_06/03-01-03-01-02-02-06.wav,happy,train
Actor_06/03-01-03-02-01-01-06.wav,happy,train
Actor_06/03-01-03-02-01-02-06.wav,happy,train
Actor_06/03-01-03-02-02-01-06.wav,happy,train
Actor_06/03-01-03-02-02-02-06.wav,happy,train
Actor_06/03-01-04-01-01-01-06.wav,sad,train
Actor_06/03-01-04-01-01-02-06.wav,sad,train
Actor_06/03-01-04-01-02-01-06.wav,sad,test
Actor_06/03-01-04-01-02-02-06.wav,sad,train
Actor_06/03-01-04-02-01-01-06.wav,sad,train
Actor_06/03-01-04-02-01-02-06.wav,sad,train
Actor_06/03-01-04-02-02-01-06.wav,sad,test
Actor_06/03-01-04-02-02-02-06.wav,sad,train
Actor_06/03-01-05-01-01-01-06.wav,angry,train
Actor_06/03-01-05-01-01-02-06.wav,angry,train
Actor_06/03-01-05-01-02-01-06.wav,angry,train
Actor_06/03-01-05-01-02-02-06.wav,angry,train
Actor_06/03-01-05-02-01-01-06.wav,angry,train
Actor_06/03-01-05-02-01-02-06.wav,angry,train
Actor_06/03-01-05-02-02-01-06.wav,angry,train
Actor_06/03-01-05-02-02-02-06.wav,angry,train
Actor_06/03-01-06-01-01-01-06.wav,fearful,train
Actor_06/03-01-06-01-01-02-06.wav,fearful,test
Actor_06/03-01-06-01-02-01-06.wav,fearful,train
Actor_06/03-01-06-01-02-02-06.wav,fearful,train
Actor_06/03-01-06-02-01-01-06.wav,fearful,test
Actor_06/03-01-06-02-01-02-06.wav,fearful,train
Actor_06/03-01-06-02-02-01-06.wav,fearful,train
Actor_06/03-01-06-02-02-02-06.wav,fearful,train
Actor_06/03-01-07-01-01-01-06.wav,disgust,train
Actor_06/03-01-07-01-01-02-06.wav,disgust,train
Actor_06/03-01-07-01-02-01-06.wav,disgust,train
Actor_06/03-01-07-01-02-02-06.wav,disgust,train
Actor_06/03-01-07-02-01-01-06.wav,disgust,train
Actor_06/03-01-07-02-01-02-06.wav,disgust,train
Actor_06/03-01-07-02-02-01-06.wav,disgust,test
Actor_06/03-01-07-02-02-02-06.wav,disgust,train
Actor_06/03-01-08-01-01-01-06.wav,surprised,train
Actor_06/03-01-08-01-01-02-06.wav,surprised,train
Actor_06/03-01-08-01-02-01-06.wav,surprised,train
Actor_06/03-01-08-01-02-02-06.wav,surprised,train
Actor_06/03-01-08-02-01-01-06.wav,surprised,train
Actor_06/03-01-08-02-01-02-06.wav,surprised,test
Actor_06/03-01-08-02-02-01-06.wav,surprised,test
Actor_06/03-01-08-02-02-02-06.wav,surprised,train
Actor_07/03-01-01-01-01-01-07.wav,neutral,train
Actor_07/03-01-01-01-01-02-07.wav,neutral,train
Actor_07/03-01-01-01-02-01-07.wav,neutral,train
Actor_07/03-01-01-01-02-02-07.wav,neutral,train
Actor_07/03-01-02-01-01-01-07.wav,calm,train
Actor_07/03-01-02-01-01-02-07.wav,calm,train
Actor_07/03-01-02-01-02-01-07.wav,calm,train
Actor_07/03-01-02-01-02-02-07.wav,calm,train
Actor_07/03-01-02-02-01-01-07.wav,calm,test
Actor_07/03-01-02-02-01-02-07.wav,calm,test
Actor_07/03-01-02-02-02-01-07.wav,calm,train
Actor_07/03-01-02-02-02-02-07.wav,calm,train
Actor_07/03-01-03-01-01-01-07.wav,happy,train
Actor_07/03-01-03-01-01-02-07.wav,happy,test
Actor_07/03-01-03-01-02-01-07.wav,happy,test
Actor_07/03-01-03-01-02-02-07.wav,happy,test
Actor_07/03-01-03-02-01-01-07.wav,happy,test
Actor_07/03-01-03-02-01-02-07.wav,happy,train
Actor_07/03-01-03-02-02-01-07.wav,happy,train
Actor_07/03-01-03-02-02-02-07.wav,happy,train
Actor_07/03-01-04-01-01-01-07.wav,sad,train
Actor_07/03-01-04-01-01-02-07.wav,sad,train
Actor_07/03-01-04-01-02-01-07.wav,sad,train
Actor_07/03-01-04-01-02-02-07.wav,sad,train
Actor_07/03-01-04-02-01-01-07.wav,sad,train
Actor_07/03-01-04-02-01-02-07.wav,sad,train
Actor_07/03-01-04-02-02-01-07.wav,sad,train
Actor_07/03-01-04-02-02-02-07.wav,sad,train
Actor_07/03-01-05-01-01-01-07.wav,angry,test
Actor_07/03-01-05-01-01-02-07.wav,angry,train
Actor_07/03-01-05-01-02-01-07.wav,angry,test
Actor_07/03-01-05-01-02-02-07.wav,angry,train
Actor_07/03-01-05-02-01-01-07.wav,angry,test
Actor_07/03-01-05-02-01-02-07.wav,angry,train
Actor_07/03-01-05-02-02-01-07.wav,angry,test
Actor_07/03-01-05-02-02-02-07.wav,angry,train
Actor_07/03-01-06-01-01-01-07.wav,fearful,train
Actor_07/03-01-06-01-01-02-07.wav,fearful,train
Actor_07/03-01-06-01-02-01-07.wav,fearful,train
Actor_07/03-01-06-01-02-02-07.wav,fearful,train
Actor_07/03-01-06-02-01-01-07.wav,fearful,test
Actor_07/03-01-06-02-01-02-07.wav,fearful,train
Actor_07/03-01-06-02-02-01-07.wav,fearful,train
Actor_07/03-01-06-02-02-02-07.wav,fearful,train
Actor_07/03-01-07-01-01-01-07.wav,disgust,test
Actor_07/03-01-07-01-01-02-07.wav,disgust,train
Actor_07/03-01-07-01-02-01-07.wav,disgust,train
Actor_07/03-01-07-01-02-02-07.wav,disgust,test
Actor_07/03-01-07-02-01-01-07.wav,disgust,test
Actor_07/03-01-07-02-01-02-07.wav,disgust,test
Actor_07/03-01-07-02-02-01-07.wav,disgust,test
Actor_07/03-01-07-02-02-02-07.wav,disgust,train
Actor_07/03-01-08-01-01-01-07.wav,surprised,train
Actor_07/03-01-08-01-01-02-07.wav,surprised,train
Actor_07/03-01-08-01-02-01-07.wav,surprised,test
Actor_07/03-01-08-01-02-02-07.wav,surprised,train
Actor_07/03-01-08-02-01-01-07.wav,surprised,train
Actor_07/03-01-08-02-01-02-07.wav,surprised,test
Actor_07/03-01-08-02-02-01-07.wav,surprised,test
Actor_07/03-01-08-02-02-02-07.wav,surprised,train
Actor_08/03-01-01-01-01-01-08.wav,neutral,train
Actor_08/03-01-01-01-01-02-08.wav,neutral,train
Actor_08/03-01-01-01-02-01-08.wav,neutral,train
Actor_08/03-01-01-01-02-02-08.wav,neutral,train
Actor_08/03-01-02-01-01-01-08.wav,calm,train
Actor_08/03-01-02-01-01-02-08.wav,calm,train
Actor_08/03-01-02-01-02-01-08.wav,calm,train
Actor_08/03-01-02-01-02-02-08.wav,calm,train
Actor_08/03-01-02-02-01-01-08.wav,calm,train
Actor_08/03-01-02-02-01-02-08.wav,calm,train
Actor_08/03-01-02-02-02-01-08.wav,calm,train
Actor_08/03-01-02-02-02-02-08.wav,calm,train
Actor_08/03-01-03-01-01-01-08.wav,happy,train
Actor_08/03-01-03-01-01-02-08.wav,happy,train
Actor_08/03-01-03-01-02-01-08.wav,happy,train
Actor_08/03-01-03-01-02-02-08.wav,happy,train
Actor_08/03-01-03-02-01-01-08.wav,happy,train
Actor_08/03-01-03-02-01-02-08.wav,happy,train
Actor_08/03-01-03-02-02-01-08.wav,happy,train
Actor_08/03-01-03-02-02-02-08.wav,happy,train
Actor_08/03-01-04-01-01-01-08.wav,sad,train
Actor_08/03-01-04-01-01-02-08.wav,sad,train
Actor_08/03-01-04-01-02-01-08.wav,sad,train
Actor_08/03-01-04-01-02-02-08.wav,sad,train
Actor_08/03-01-04-02-01-01-08.wav,sad,train
Actor_08/03-01-04-02-01-02-08.wav,sad,train
Actor_08/03-01-04-02-02-01-08.wav,sad,train
Actor_08/03-01-04-02-02-02-08.wav,sad,train
Actor_08/03-01-05-01-01-01-08.wav,angry,train
Actor_08/03-01-05-01-01-02-08.wav,angry,test
Actor_08/03-01-05-01-02-01-08.wav,angry,test
Actor_08/03-01-05-01-02-02-08.wav,angry,train
Actor_08/03-01-05-02-01-01-08.wav,angry,train
Actor_08/03-01-05-02-01-02-08.wav,angry,train
Actor_08/03-01-05-02-02-01-08.wav,angry,train
Actor_08/03-01-05-02-02-02-08.wav,angry,test
Actor_08/03-01-06-01-01-01-08.wav,fearful,test
Actor_08/03-01-06-01-01-02-08.wav,fearful,train
Actor_08/03-01-06-01-02-01-08.wav,fearful,train
Actor_08/03-01-06-01-02-02-08.wav,fearful,train
Actor_08/03-01-06-02-01-01-08.wav,fearful,train
Actor_08/03-01-06-02-01-02-08.wav,fearful,train
Actor_08/03-01-06-02-02-01-08.wav,fearful,train
Actor_08/03-01-06-02-02-02-08.wav,fearful,train
Actor_08/03-01-07-01-01-01-08.wav,disgust,train
Actor_08/03-01-07-01-01-02-08.wav,disgust,test
Actor_08/03-01-07-01-02-01-08.wav,disgust,train
Actor_08/03-01-07-01-02-02-08.wav,disgust,test
Actor_08/03-01-07-02-01-01-08.wav,disgust,train
Actor_08/03-01-07-02-01-02-08.wav,disgust,train
Actor_08/03-01-07-02-02-01-08.wav,disgust,test
Actor_08/03-01-07-02-02-02-08.wav,disgust,train
Actor_08/03-01-08-01-01-01-08.wav,surprised,train
Actor_08/03-01-08-01-01-02-08.wav,surprised,train
Actor_08/03-01-08-01-02-01-08.wav,surprised,train
Actor_08/03-01-08-01-02-02-08.wav,surprised,train
Actor_08/03-01-08-02-01-01-08.wav,surprised,train
Actor_08/03-01-08-02-01-02-08.wav,surprised,train
Actor_08/03-01-08-02-02-01-08.wav,surprised,train
Actor_08/03-01-08-02-02-02-08.wav,surprised,train
Actor_09/03-01-01-01-01-01-09.wav,neutral,test
Actor_09/03-01-01-01-01-02-09.wav,neutral,train
Actor_09/03-01-01-01-02-01-09.wav,neutral,train
Actor_09/03-01-01-01-02-02-09.wav,neutral,train
Actor_09/03-01-02-01-01-01-09.wav,calm,train
Actor_09/03-01-02-01-01-02-09.wav,calm,train
Actor_09/03-01-02-01-02-01-09.wav,calm,train
Actor_09/03-01-02-01-02-02-09.wav,calm,test
Actor_09/03-01-02-02-01-01-09.wav,calm,test
Actor_09/03-01-02-02-01-02-09.wav,calm,test
Actor_09/03-01-02-02-02-01-09.wav,calm,train
Actor_09/03-01-02-02-02-02-09.wav,calm,train
Actor_09/03-01-03-01-01-01-09.wav,happy,train
Actor_09/03-01-03-01-01-02-09.wav,happy,test
Actor_09/03-01-03-01-02-01-09.wav,happy,train
Actor_09/03-01-03-01-02-02-09.wav,happy,train
Actor_09/03-01-03-02-01-01-09.wav,happy,test
Actor_09/03-01-03-02-01-02-09.wav,happy,train
Actor_09/03-01-03-02-02-01-09.wav,happy,train
Actor_09/03-01-03-02-02-02-09.wav,happy,train
Actor_09/03-01-04-01-01-01-09.wav,sad,train
Actor_09/03-01-04-01-01-02-09.wav,sad,test
Actor_09/03-01-04-01-02-01-09.wav,sad,train
Actor_09/03-01-04-01-02-02-09.wav,sad,test
Actor_09/03-01-04-02-01-01-09.wav,sad,train
Actor_09/03-01-04-02-01-02-09.wav,sad,train
Actor_09/03-01-04-02-02-01-09.wav,sad,train
Actor_09/03-01-04-02-02-02-09.wav,sad,train
Actor_09/03-01-05-01-01-01-09.wav,angry,train
Actor_09/03-01-05-01-01-02-09.wav,angry,train
Actor_09/03-01-05-01-02-01-09.wav,angry,train
Actor_09/03-01-05-01-02-02-09.wav,angry,train
Actor_09/03-01-05-02-01-01-09.wav,angry,train
Actor_09/03-01-05-02-01-02-09.wav,angry,train
Actor_09/03-01-05-02-02-01-09.wav,angry,train
Actor_09/03-01-05-02-02-02-09.wav,angry,train
Actor_09/03-01-06-01-01-01-09.wav,fearful,test
Actor_09/03-01-06-01-01-02-09.wav,fearful,train
Actor_09/03-01-06-01-02-01-09.wav,fearful,train
Actor_09/03-01-06-01-02-02-09.wav,fearful,train
Actor_09/03-01-06-02-01-01-09.wav,fearful,train
Actor_09/03-01-06-02-01-02-09.wav,fearful,test
Actor_09/03-01-06-02-02-01-09.wav,fearful,test
Actor_09/03-01-06-02-02-02-09.wav,fearful,train
Actor_09/03-01-07-01-01-01-09.wav,disgust,train
Actor_09/03-01-07-01-01-02-09.wav,disgust,train
Actor_09/03-01-07-01-02-01-09.wav,disgust,train
Actor_09/03-01-07-01-02-02-09.wav,disgust,train
Actor_09/03-01-07-02-01-01-09.wav,disgust,train
Actor_09/03-01-07-02-01-02-09.wav,disgust,test
Actor_09/03-01-07-02-02-01-09.wav,disgust,train
Actor_09/03-01-07-02-02-02-09.wav,disgust,train
Actor_09/03-01-08-01-01-01-09.wav,surprised,train
Actor_09/03-01-08-01-01-02-09.wav,surprised,train
Actor_09/03-01-08-01-02-01-09.wav,surprised,test
Actor_09/03-01-08-01-02-02-09.wav,surprised,train
Actor_09/03-01-08-02-01-01-09.wav,surprised,train
Actor_09/03-01-08-02-01-02-09.wav,surprised,train
Actor_09/03-01-08-02-02-01-09.wav,surprised,train
Actor_09/03-01-08-02-02-02-09.wav,surprised,test
Actor_10/03-01-01-01-01-01-10.wav,neutral,test
Actor_10/03-01-01-01-01-02-10.wav,neutral,test
Actor_10/03-01-01-01-02-01-10.wav,neutral,train
Actor_10/03-01-01-01-02-02-10.wav,neutral,test
Actor_10/03-01-02-01-01-01-10.wav,calm,train
Actor_10/03-01-02-01-01-02-10.wav,calm,train
Actor_10/03-01-02-01-02-01-10.wav,calm,train
Actor_10/03-01-02-01-02-02-10.wav,calm,train
Actor_10/03-01-02-02-01-01-10.wav,calm,train
Actor_10/03-01-02-02-01-02-10.wav,calm,train
Actor_10/03-01-02-02-02-01-10.wav,calm,train
Actor_10/03-01-02-02-02-02-10.wav,calm,train
Actor_10/03-01-03-01-01-01-10.wav,happy,train
Actor_10/03-01-03-01-01-02-10.wav,happy,test
Actor_10/03-01-03-01-02-01-10.wav,happy,test
Actor_10/03-01-03-01-02-02-10.wav,happy,train
Actor_10/03-01-03-02-01-01-10.wav,happy,train
Actor_10/03-01-03-02-01-02-10.wav,happy,train
Actor_10/03-01-03-02-02-01-10.wav,happy,test
Actor_10/03-01-03-02-02-02-10.wav,happy,train
Actor_10/03-01-04-01-01-01-10.wav,sad,train
Actor_10/03-01-04-01-01-02-10.wav,sad,test
Actor_10/03-01-04-01-02-01-10.wav,sad,train
Actor_10/03-01-04-01-02-02-10.wav,sad,test
Actor_10/03-01-04-02-01-01-10.wav,sad,train
Actor_10/03-01-04-02-01-02-10.wav,sad,train
Actor_10/03-01-04-02-02-01-10.wav,sad,train
Actor_10/03-01-04-02-02-02-10.wav,sad,train
Actor_10/03-01-05-01-01-01-10.wav,angry,test
Actor_10/03-01-05-01-01-02-10.wav,angry,train
Actor_10/03-01-05-01-02-01-10.wav,angry,test
Actor_10/03-01-05-01-02-02-10.wav,angry,train
Actor_10/03-01-05-02-01-01-10.wav,angry,train
Actor_10/03-01-05-02-01-02-10.wav,angry,train
Actor_10/03-01-05-02-02-01-10.wav,angry,train
Actor_10/03-01-05-02-02-02-10.wav,angry,train
Actor_10/03-01-06-01-01-01-10.wav,fearful,train
Actor_10/03-01-06-01-01-02-10.wav,fearful,test
Actor_10/03-01-06-01-02-01-10.wav,fearful,test
Actor_10/03-01-06-01-02-02-10.wav,fearful,test
Actor_10/03-01-06-02-01-01-10.wav,fearful,train
Actor_10/03-01-06-02-01-02-10.wav,fearful,train
Actor_10/03-01-06-02-02-01-10.wav,fearful,train
Actor_10/03-01-06-02-02-02-10.wav,fearful,train
Actor_10/03-01-07-01-01-01-10.wav,disgust,train
Actor_10/03-01-07-01-01-02-10.wav,disgust,train
Actor_10/03-01-07-01-02-01-10.wav,disgust,train
Actor_10/03-01-07-01-02-02-10.wav,disgust,train
Actor_10/03-01-07-02-01-01-10.wav,disgust,train
Actor_10/03-01-07-02-01-02-10.wav,disgust,train
Actor_10/03-01-07-02-02-01-10.wav,disgust,train
Actor_10/03-01-07-02-02-02-10.wav,disgust,train
Actor_10/03-01-08-01-01-01-10.wav,surprised,train
Actor_10/03-01-08-01-01-02-10.wav,surprised,test
Actor_10/03-01-08-01-02-01-10.wav,surprised,train
Actor_10/03-01-08-01-02-02-10.wav,surprised,train
Actor_10/03-01-08-02-01-01-10.wav,surprised,train
Actor_10/03-01-08-02-01-02-10.wav,surprised,test
Actor_10/03-01-08-02-02-01-10.wav,surprised,train
Actor_10/03-01-08-02-02-02-10.wav,surprised,train
Actor_11/03-01-01-01-01-01-11.wav,neutral,train
Actor_11/03-01-01-01-01-02-11.wav,neutral,train
Actor_11/03-01-01-01-02-01-11.wav,neutral,train
Actor_11/03-01-01-01-02-02-11.wav,neutral,test
Actor_11/03-01-02-01-01-01-11.wav,calm,test
Actor_11/03-01-02-01-01-02-11.wav,calm,train
Actor_11/03-01-02-01-02-01-11.wav,calm,train
Actor_11/03-01-02-01-02-02-11.wav,calm,train
Actor_11/03-01-02-02-01-01-11.wav,calm,train
Actor_11/03-01-02-02-01-02-11.wav,calm,train
Actor_11/03-01-02-02-02-01-11.wav,calm,test
Actor_11/03-01-02-02-02-02-11.wav,calm,train
Actor_11/03-01-03-01-01-01-11.wav,happy,test
Actor_11/03-01-03-01-01-02-11.wav,happy,test
Actor_11/03-01-03-01-02-01-11.wav,happy,train
Actor_11/03-01-03-01-02-02-11.wav,happy,test
Actor_11/03-01-03-02-01-01-11.wav,happy,test
Actor_11/03-01-03-02-01-02-11.wav,happy,train
Actor_11/03-01-03-02-02-01-11.wav,happy,train
Actor_11/03-01-03-02-02-02-11.wav,happy,train
Actor_11/03-01-04-01-01-01-11.wav,sad,train
Actor_11/03-01-04-01-01-02-11.wav,sad,train
Actor_11/03-01-04-01-02-01-11.wav,sad,train
Actor_11/03-01-04-01-02-02-11.wav,sad,train
Actor_11/03-01-04-02-01-01-11.wav,sad,train
Actor_11/03-01-04-02-01-02-11.wav,sad,test
Actor_11/03-01-04-02-02-01-11.wav,sad,train
Actor_11/03-01-04-02-02-02-11.wav,sad,train
Actor_11/03-01-05-01-01-01-11.wav,angry,train
Actor_11/03-01-05-01-01-02-11.wav,angry,train
Actor_11/03-01-05-01-02-01-11.wav,angry,train
Actor_11/03-01-05-01-02-02-11.wav,angry,train
Actor_11/03-01-05-02-01-01-11.wav,angry,train
Actor_11/03-01-05-02-01-02-11.wav,angry,train
Actor_11/03-01-05-02-02-01-11.wav,angry,train
Actor_11/03-01-05-02-02-02-11.wav,angry,test
Actor_11/03-01-06-01-01-01-11.wav,fearful,train
Actor_11/03-01-06-01-01-02-11.wav,fearful,train
Actor_11/03-01-06-01-02-01-11.wav,fearful,test
Actor_11/03-01-06-01-02-02-11.wav,fearful,train
Actor_11/03-01-06-02-01-01-11.wav,fearful,train
Actor_11/03-01-06-02-01-02-11.wav,fearful,test
Actor_11/03-01-06-02-02-01-11.wav,fearful,train
Actor_11/03-01-06-02-02-02-11.wav,fearful,train
Actor_11/03-01-07-01-01-01-11.wav,disgust,train
Actor_11/03-01-07-01-01-02-11.wav,disgust,train
Actor_11/03-01-07-01-02-01-11.wav,disgust,train
Actor_11/03-01-07-01-02-02-11.wav,disgust,train
Actor_11/03-01-07-02-01-01-11.wav,disgust,train
Actor_11/03-01-07-02-01-02-11.wav,disgust,test
Actor_11/03-01-07-02-02-01-11.wav,disgust,train
Actor_11/03-01-07-02-02-02-11.wav,disgust,train
Actor_11/03-01-08-01-01-01-11.wav,surprised,train
Actor_11/03-01-08-01-01-02-11.wav,surprised,test
Actor_11/03-01-08-01-02-01-11.wav,surprised,train
Actor_11/03-01-08-01-02-02-11.wav,surprised,train
Actor_11/03-01-08-02-01-01-11.wav,surprised,test
Actor_11/03-01-08-02-01-02-11.wav,surprised,train
Actor_11/03-01-08-02-02-01-11.wav,surprised,train
Actor_11/03-01-08-02-02-02-11.wav,surprised,test
Actor_12/03-01-01-01-01-01-12.wav,neutral,train
Actor_12/03-01-01-01-01-02-12.wav,neutral,train
Actor_12/03-01-01-01-02-01-12.wav,neutral,train
Actor_12/03-01-01-01-02-02-12.wav,neutral,train
Actor_12/03-01-02-01-01-01-12.wav,calm,train
Actor_12/03-01-02-01-01-02-12.wav,calm,test
Actor_12/03-01-02-01-02-01-12.wav,calm,train
Actor_12/03-01-02-01-02-02-12.wav,calm,train
Actor_12/03-01-02-02-01-01-12.wav,calm,test
Actor_12/03-01-02-02-01-02-12.wav,calm,train
Actor_12/03-01-02-02-02-01-12.wav,calm,train
Actor_12/03-01-02-02-02-02-12.wav,calm,train
Actor_12/03-01-03-01-01-01-12.wav,happy,train
Actor_12/03-01-03-01-01-02-12.wav,happy,train
Actor_12/03-01-03-01-02-01-12.wav,happy,test
Actor_12/03-01-03-01-02-02-12.wav,happy,train
Actor_12/03-01-03-02-01-01-12.wav,happy,train
Actor_12/03-01-03-02-01-02-12.wav,happy,train
Actor_12/03-01-03-02-02-01-12.wav,happy,train
Actor_12/03-01-03-02-02-02-12.wav,happy,train
Actor_12/03-01-04-01-01-01-12.wav,sad,train
Actor_12/03-01-04-01-01-02-12.wav,sad,train
Actor_12/03-01-04-01-02-01-12.wav,sad,train
Actor_12/03-01-04-01-02-02-12.wav,sad,train
Actor_12/03-01-04-02-01-01-12.wav,sad,train
Actor_12/03-01-04-02-01-02-12.wav,sad,train
Actor_12/03-01-04-02-02-01-12.wav,sad,test
Actor_12/03-01-04-02-02-02-12.wav,sad,train
Actor_12/03-01-05-01-01-01-12.wav,angry,test
Actor_12/03-01-05-01-01-02-12.wav,angry,train
Actor_12/03-01-05-01-02-01-12.wav,angry,train
Actor_12/03-01-05-01-02-02-12.wav,angry,train
Actor_12/03-01-05-02-01-01-12.wav,angry,train
Actor_12/03-01-05-02-01-02-12.wav,angry,train
Actor_12/03-01-05-02-02-01-12.wav,angry,train
Actor_12/03-01-05-02-02-02-12.wav,angry,train
Actor_12/03-01-06-01-01-01-12.wav,fearful,train
Actor_12/03-01-06-01-01-02-12.wav,fearful,train
Actor_12/03-01-06-01-02-01-12.wav,fearful,train
Actor_12/03-01-06-01-02-02-12.wav,fearful,train
Actor_12/03-01-06-02-01-01-12.wav,fearful,train
Actor_12/03-01-06-02-01-02-12.wav,fearful,train
Actor_12/03-01-06-02-02-01-12.wav,fearful,train
Actor_12/03-01-06-02-02-02-12.wav,fearful,train
Actor_12/03-01-07-01-01-01-12.wav,disgust,train
Actor_12/03-01-07-01-01-02-12.wav,disgust,train
Actor_12/03-01-07-01-02-01-12.wav,disgust,train
Actor_12/03-01-07-01-02-02-12.wav,disgust,train
Actor_12/03-01-07-02-01-01-12.wav,disgust,train
Actor_12/03-01-07-02-01-02-12.wav,disgust,test
Actor_12/03-01-07-02-02-01-12.wav,disgust,train
Actor_12/03-01-07-02-02-02-12.wav,disgust,train
Actor_12/03-01-08-01-01-01-12.wav,surprised,train
Actor_12/03-01-08-01-01-02-12.wav,surprised,train
Actor_12/03-01-08-01-02-01-12.wav,surprised,train
Actor_12/03-01-08-01-02-02-12.wav,surprised,test
Actor_12/03-01-08-02-01-01-12.wav,surprised,train
Actor_12/03-01-08-02-01-02-12.wav,surprised,train
Actor_12/03-01-08-02-02-01-12.wav,surprised,train
Actor_12/03-01-08-02-02-02-12.wav,surprised,test
Actor_13/03-01-01-01-01-01-13.wav,neutral,train
Actor_13/03-01-01-01-01-02-13.wav,neutral,test
Actor_13/03-01-01-01-02-01-13.wav,neutral,train
Actor_13/03-01-01-01-02-02-13.wav,neutral,train
Actor_13/03-01-02-01-01-01-13.wav,calm,test
Actor_13/03-01-02-01-01-02-13.wav,calm,test
Actor_13/03-01-02-01-02-01-13.wav,calm,train
Actor_13/03-01-02-01-02-02-13.wav,calm,train
Actor_13/03-01-02-02-01-01-13.wav,calm,test
Actor_13/03-01-02-02-01-02-13.wav,calm,train
Actor_13/03-01-02-02-02-01-13.wav,calm,train
Actor_13/03-01-02-02-02-02-13.wav,calm,train
Actor_13/03-01-03-01-01-01-13.wav,happy,train
Actor_13/03-01-03-01-01-02-13.wav,happy,test
Actor_13/03-01-03-01-02-01-13.wav,happy,train
Actor_13/03-01-03-01-02-02-13.wav,happy,train
Actor_13/03-01-03-02-01-01-13.wav,happy,train
Actor_13/03-01-03-02-01-02-13.wav,happy,train
Actor_13/03-01-03-02-02-01-13.wav,happy,test
Actor_13/03-01-03-02-02-02-13.wav,happy,train
Actor_13/03-01-04-01-01-01-13.wav,sad,test
Actor_13/03-01-04-01-01-02-13.wav,sad,train
Actor_13/03-01-04-01-02-01-13.wav,sad,train
Actor_13/03-01-04-01-02-02-13.wav,sad,train
Actor_13/03-01-04-02-01-01-13.wav,sad,train
Actor_13/03-01-04-02-01-02-13.wav,sad,train
Actor_13/03-01-04-02-02-01-13.wav,sad,train
Actor_13/03-01-04-02-02-02-13.wav,sad,train
Actor_13/03-01-05-01-01-01-13.wav,angry,train
Actor_13/03-01-05-01-01-02-13.wav,angry,train
Actor_13/03-01-05-01-02-01-13.wav,angry,train
Actor_13/03-01-05-01-02-02-13.wav,angry,test
Actor_13/03-01-05-02-01-01-13.wav,angry,train
Actor_13/03-01-05-02-01-02-13.wav,angry,train
Actor_13/03-01-05-02-02-01-13.wav,angry,test
Actor_13/03-01-05-02-02-02-13.wav,angry,test
Actor_13/03-01-06-01-01-01-13.wav,fearful,train
Actor_13/03-01-06-01-01-02-13.wav,fearful,train
Actor_13/03-01-06-01-02-01-13.wav,fearful,train
Actor_13/03-01-06-01-02-02-13.wav,fearful,train
Actor_13/03-01-06-02-01-01-13.wav,fearful,train
Actor_13/03-01-06-02-01-02-13.wav,fearful,train
Actor_13/03-01-06-02-02-01-13.wav,fearful,train
Actor_13/03-01-06-02-02-02-13.wav,fearful,train
Actor_13/03-01-07-01-01-01-13.wav,disgust,train
Actor_13/03-01-07-01-01-02-13.wav,disgust,train
Actor_13/03-01-07-01-02-01-13.wav,disgust,test
Actor_13/03-01-07-01-02-02-13.wav,disgust,train
Actor_13/03-01-07-02-01-01-13.wav,disgust,test
Actor_13/03-01-07-02-01-02-13.wav,disgust,train
Actor_13/03-01-07-02-02-01-13.wav,disgust,test
Actor_13/03-01-07-02-02-02-13.wav,disgust,train
Actor_13/03-01-08-01-01-01-13.wav,surprised,test
Actor_13/03-01-08-01-01-02-13.wav,surprised,train
Actor_13/03-01-08-01-02-01-13.wav,surprised,train
Actor_13/03-01-08-01-02-02-13.wav,surprised,train
Actor_13/03-01-08-02-01-01-13.wav,surprised,train
Actor_13/03-01-08-02-01-02-13.wav,surprised,train
Actor_13/03-01-08-02-02-01-13.wav,surprised,train
Actor_13/03-01-08-02-02-02-13.wav,surprised,train
Actor_14/03-01-01-01-01-01-14.wav,neutral,train
Actor_14/03-01-01-01-01-02-14.wav,neutral,train
Actor_14/03-01-01-01-02-01-14.wav,neutral,train
Actor_14/03-01-01-01-02-02-14.wav,neutral,train
Actor_14/03-01-02-01-01-01-14.wav,calm,train
Actor_14/03-01-02-01-01-02-14.wav,calm,train
Actor_14/03-01-02-01-02-01-14.wav,calm,train
Actor_14/03-01-02-01-02-02-14.wav,calm,train
Actor_14/03-01-02-02-01-01-14.wav,calm,train
Actor_14/03-01-02-02-01-02-14.wav,calm,train
Actor_14/03-01-02-02-02-01-14.wav,calm,train
Actor_14/03-01-02-02-02-02-14.wav,calm,train
Actor_14/03-01-03-01-01-01-14.wav,happy,train
Actor_14/03-01-03-01-01-02-14.wav,happy,test
Actor_14/03-01-03-01-02-01-14.wav,happy,train
Actor_14/03-01-03-01-02-02-14.wav,happy,train
Actor_14/03-01-03-02-01-01-14.wav,happy,train
Actor_14/03-01-03-02-01-02-14.wav,happy,train
Actor_14/03-01-03-02-02-01-14.wav,happy,test
Actor_14/03-01-03-02-02-02-14.wav,happy,train
Actor_14/03-01-04-01-01-01-14.wav,sad,train
Actor_14/03-01-04-01-01-02-14.wav,sad,train
Actor_14/03-01-04-01-02-01-14.wav,sad,train
Actor_14/03-01-04-01-02-02-14.wav,sad,train
Actor_14/03-01-04-02-01-01-14.wav,sad,test
Actor_14/03-01-04-02-01-02-14.wav,sad,train
Actor_14/03-01-04-02-02-01-14.wav,sad,train
Actor_14/03-01-04-02-02-02-14.wav,sad,train
Actor_14/03-01-05-01-01-01-14.wav,angry,train
Actor_14/03-01-05-01-01-02-14.wav,angry,train
Actor_14/03-01-05-01-02-01-14.wav,angry,train
Actor_14/03-01-05-01-02-02-14.wav,angry,test
Actor_14/03-01-05-02-01-01-14.wav,angry,train
Actor_14/03-01-05-02-01-02-14.wav,angry,train
Actor_14/03-01-05-02-02-01-14.wav,angry,train
Actor_14/03-01-05-02-02-02-14.wav,angry,train
Actor_14/03-01-06-01-01-01-14.wav,fearful,train
Actor_14/03-01-06-01-01-02-14.wav,fearful,train
Actor_14/03-01-06-01-02-01-14.wav,fearful,train
Actor_14/03-01-06-01-02-02-14.wav,fearful,train
Actor_14/03-01-06-02-01-01-14.wav,fearful,test
Actor_14/03-01-06-02-01-02-14.wav,fearful,train
Actor_14/03-01-06-02-02-01-14.wav,fearful,train
Actor_14/03-01-06-02-02-02-14.wav,fearful,train
Actor_14/03-01-07-01-01-01-14.wav,disgust,train
Actor_14/03-01-07-01-01-02-14.wav,disgust,test
Actor_14/03-01-07-01-02-01-14.wav,disgust,train
Actor_14/03-01-07-01-02-02-14.wav,disgust,test
Actor_14/03-01-07-02-01-01-14.wav,disgust,test
Actor_14/03-01-07-02-01-02-14.wav,disgust,train
Actor_14/03-01-07-02-02-01-14.wav,disgust,train
Actor_14/03-01-07-02-02-02-14.wav,disgust,train
Actor_14/03-01-08-01-01-01-14.wav,surprised,train
Actor_14/03-01-08-01-01-02-14.wav,surprised,train
Actor_14/03-01-08-01-02-01-14.wav,surprised,train
Actor_14/03-01-08-01-02-02-14.wav,surprised,train
Actor_14/03-01-08-02-01-01-14.wav,surprised,train
Actor_14/03-01-08-02-01-02-14.wav,surprised,train
Actor_14/03-01-08-02-02-01-14.wav,surprised,train
Actor_14/03-01-08-02-02-02-14.wav,surprised,test
Actor_15/03-01-01-01-01-01-15.wav,neutral,train
Actor_15/03-01-01-01-01-02-15.wav,neutral,train
Actor_15/03-01-01-01-02-01-15.wav,neutral,train
Actor_15/03-01-01-01-02-02-15.wav,neutral,train
Actor_15/03-01-02-01-01-01-15.wav,calm,test
Actor_15/03-01-02-01-01-02-15.wav,calm,train
Actor_15/03-01-02-01-02-01-15.wav,calm,train
Actor_15/03-01-02-01-02-02-15.wav,calm,test
Actor_15/03-01-02-02-01-01-15.wav,calm,train
Actor_15/03-01-02-02-01-02-15.wav,calm,train
Actor_15/03-01-02-02-02-01-15.wav,calm,train
Actor_15/03-01-02-02-02-02-15.wav,calm,train
Actor_15/03-01-03-01-01-01-15.wav,happy,train
Actor_15/03-01-03-01-01-02-15.wav,happy,train
Actor_15/03-01-03-01-02-01-15.wav,happy,test
Actor_15/03-01-03-01-02-02-15.wav,happy,train
Actor_15/03-01-03-02-01-01-15.wav,happy,train
Actor_15/03-01-03-02-01-02-15.wav,happy,train
Actor_15/03-01-03-02-02-01-15.wav,happy,train
Actor_15/03-01-03-02-02-02-15.wav,happy,train
Actor_15/03-01-04-01-01-01-15.wav,sad,train
Actor_15/03-01-04-01-01-02-15.wav,sad,train
Actor_15/03-01-04-01-02-01-15.wav,sad,test
Actor_15/03-01-04-01-02-02-15.wav,sad,train
Actor_15/03-01-04-02-01-01-15.wav,sad,train
Actor_15/03-01-04-02-01-02-15.wav,sad,test
Actor_15/03-01-04-02-02-01-15.wav,sad,train
Actor_15/03-01-04-02-02-02-15.wav,sad,train
Actor_15/03-01-05-01-01-01-15.wav,angry,train
Actor_15/03-01-05-01-01-02-15.wav,angry,train
Actor_15/03-01-05-01-02-01-15.wav,angry,train
Actor_15/03-01-05-01-02-02-15.wav,angry,train
Actor_15/03-01-05-02-01-01-15.wav,angry,test
Actor_15/03-01-05-02-01-02-15.wav,angry,train
Actor_15/03-01-05-02-02-01-15.wav,angry,train
Actor_15/03-01-05-02-02-02-15.wav,angry,train
Actor_15/03-01-06-01-01-01-15.wav,fearful,train
Actor_15/03-01-06-01-01-02-15.wav,fearful,train
Actor_15/03-01-06-01-02-01-15.wav,fearful,train
Actor_15/03-01-06-01-02-02-15.wav,fearful,train
Actor_15/03-01-06-02-01-01-15.wav,fearful,train
Actor_15/03-01-06-02-01-02-15.wav,fearful,train
Actor_15/03-01-06-02-02-01-15.wav,fearful,train
Actor_15/03-01-06-02-02-02-15.wav,fearful,train
Actor_15/03-01-07-01-01-01-15.wav,disgust,train
Actor_15/03-01-07-01-01-02-15.wav,disgust,test
Actor_15/03-01-07-01-02-01-15.wav,disgust,train
Actor_15/03-01-07-01-02-02-15.wav,disgust,test
Actor_15/03-01-07-02-01-01-15.wav,disgust,train
Actor_15/03-01-07-02-01-02-15.wav,disgust,train
Actor_15/03-01-07-02-02-01-15.wav,disgust,train
Actor_15/03-01-07-02-02-02-15.wav,disgust,test
Actor_15/03-01-08-01-01-01-15.wav,surprised,train
Actor_15/03-01-08-01-01-02-15.wav,surprised,train
Actor_15/03-01-08-01-02-01-15.wav,surprised,train
Actor_15/03-01-08-01-02-02-15.wav,surprised,train
Actor_15/03-01-08-02-01-01-15.wav,surprised,train
Actor_15/03-01-08-02-01-02-15.wav,surprised,train
Actor_15/03-01-08-02-02-01-15.wav,surprised,train
Actor_15/03-01-08-02-02-02-15.wav,surprised,test
Actor_16/03-01-01-01-01-01-16.wav,neutral,train
Actor_16/03-01-01-01-01-02-16.wav,neutral,train
Actor_16/03-01-01-01-02-01-16.wav,neutral,train
Actor_16/03-01-01-01-02-02-16.wav,neutral,test
Actor_16/03-01-02-01-01-01-16.wav,calm,train
Actor_16/03-01-02-01-01-02-16.wav,calm,train
Actor_16/03-01-02-01-02-01-16.wav,calm,test
Actor_16/03-01-02-01-02-02-16.wav,calm,test
Actor_16/03-01-02-02-01-01-16.wav,calm,train
Actor_16/03-01-02-02-01-02-16.wav,calm,test
Actor_16/03-01-02-02-02-01-16.wav,calm,train
Actor_16/03-01-02-02-02-02-16.wav,calm,train
Actor_16/03-01-03-01-01-01-16.wav,happy,train
Actor_16/03-01-03-01-01-02-16.wav,happy,train
Actor_16/03-01-03-01-02-01-16.wav,happy,train
Actor_16/03-01-03-01-02-02-16.wav,happy,train
Actor_16/03-01-03-02-01-01-16.wav,happy,train
Actor_16/03-01-03-02-01-02-16.wav,happy,test
Actor_16/03-01-03-02-02-01-16.wav,happy,train
Actor_16/03-01-03-02-02-02-16.wav,happy,train
Actor_16/03-01-04-01-01-01-16.wav,sad,train
Actor_16/03-01-04-01-01-02-16.wav,sad,train
Actor_16/03-01-04-01-02-01-16.wav,sad,test
Actor_16/03-01-04-01-02-02-16.wav,sad,train
Actor_16/03-01-04-02-01-01-16.wav,sad,train
Actor_16/03-01-04-02-01-02-16.wav,sad,train
Actor_16/03-01-04-02-02-01-16.wav,sad,train
Actor_16/03-01-04-02-02-02-16.wav,sad,train
Actor_16/03-01-05-01-01-01-16.wav,angry,train
Actor_16/03-01-05-01-01-02-16.wav,angry,test
Actor_16/03-01-05-01-02-01-16.wav,angry,train
Actor_16/03-01-05-01-02-02-16.wav,angry,train
Actor_16/03-01-05-02-01-01-16.wav,angry,train
Actor_16/03-01-05-02-01-02-16.wav,angry,train
Actor_16/03-01-05-02-02-01-16.wav,angry,train
Actor_16/03-01-05-02-02-02-16.wav,angry,train
Actor_16/03-01-06-01-01-01-16.wav,fearful,train
Actor_16/03-01-06-01-01-02-16.wav,fearful,test
Actor_16/03-01-06-01-02-01-16.wav,fearful,test
Actor_16/03-01-06-01-02-02-16.wav,fearful,train
Actor_16/03-01-06-02-01-01-16.wav,fearful,train
Actor_16/03-01-06-02-01-02-16.wav,fearful,train
Actor_16/03-01-06-02-02-01-16.wav,fearful,train
Actor_16/03-01-06-02-02-02-16.wav,fearful,train
Actor_16/03-01-07-01-01-01-16.wav,disgust,train
Actor_16/03-01-07-01-01-02-16.wav,disgust,train
Actor_16/03-01-07-01-02-01-16.wav,disgust,train
Actor_16/03-01-07-01-02-02-16.wav,disgust,test
Actor_16/03-01-07-02-01-01-16.wav,disgust,test
Actor_16/03-01-07-02-01-02-16.wav,disgust,train
Actor_16/03-01-07-02-02-01-16.wav,disgust,train
Actor_16/03-01-07-02-02-02-16.wav,disgust,train
Actor_16/03-01-08-01-01-01-16.wav,surprised,train
Actor_16/03-01-08-01-01-02-16.wav,surprised,train
Actor_16/03-01-08-01-02-01-16.wav,surprised,train
Actor_16/03-01-08-01-02-02-16.wav,surprised,train
Actor_16/03-01-08-02-01-01-16.wav,surprised,test
Actor_16/03-01-08-02-01-02-16.wav,surprised,train
Actor_16/03-01-08-02-02-01-16.wav,surprised,train
Actor_16/03-01-08-02-02-02-16.wav,surprised,train
Actor_17/03-01-01-01-01-01-17.wav,neutral,train
Actor_17/03-01-01-01-01-02-17.wav,neutral,train
Actor_17/03-01-01-01-02-01-17.wav,neutral,train
Actor_17/03-01-01-01-02-02-17.wav,neutral,train
Actor_17/03-01-02-01-01-01-17.wav,calm,test
Actor_17/03-01-02-01-01-02-17.wav,calm,test
Actor_17/03-01-02-01-02-01-17.wav,calm,test
Actor_17/03-01-02-01-02-02-17.wav,calm,train
Actor_17/03-01-02-02-01-01-17.wav,calm,train
Actor_17/03-01-02-02-01-02-17.wav,calm,train
Actor_17/03-01-02-02-02-01-17.wav,calm,train
Actor_17/03-01-02-02-02-02-17.wav,calm,train
Actor_17/03-01-03-01-01-01-17.wav,happy,train
Actor_17/03-01-03-01-01-02-17.wav,happy,train
Actor_17/03-01-03-01-02-01-17.wav,happy,train
Actor_17/03-01-03-01-02-02-17.wav,happy,test
Actor_17/03-01-03-02-01-01-17.wav,happy,test
Actor_17/03-01-03-02-01-02-17.wav,happy,train
Actor_17/03-01-03-02-02-01-17.wav,happy,train
Actor_17/03-01-03-02-02-02-17.wav,happy,train
Actor_17/03-01-04-01-01-01-17.wav,sad,train
Actor_17/03-01-04-01-01-02-17.wav,sad,test
Actor_17/03-01-04-01-02-01-17.wav,sad,train
Actor_17/03-01-04-01-02-02-17.wav,sad,train
Actor_17/03-01-04-02-01-01-17.wav,sad,train
Actor_17/03-01-04-02-01-02-17.wav,sad,train
Actor_17/03-01-04-02-02-01-17.wav,sad,train
Actor_17/03-01-04-02-02-02-17.wav,sad,test
Actor_17/03-01-05-01-01-01-17.wav,angry,train
Actor_17/03-01-05-01-01-02-17.wav,angry,test
Actor_17/03-01-05-01-02-01-17.wav,angry,test
Actor_17/03-01-05-01-02-02-17.wav,angry,test
Actor_17/03-01-05-02-01-01-17.wav,angry,train
Actor_17/03-01-05-02-01-02-17.wav,angry,train
Actor_17/03-01-05-02-02-01-17.wav,angry,test
Actor_17/03-01-05-02-02-02-17.wav,angry,train
Actor_17/03-01-06-01-01-01-17.wav,fearful,train
Actor_17/03-01-06-01-01-02-17.wav,fearful,train
Actor_17/03-01-06-01-02-01-17.wav,fearful,train
Actor_17/03-01-06-01-02-02-17.wav,fearful,test
Actor_17/03-01-06-02-01-01-17.wav,fearful,test
Actor_17/03-01-06-02-01-02-17.wav,fearful,train
Actor_17/03-01-06-02-02-01-17.wav,fearful,train
Actor_17/03-01-06-02-02-02-17.wav,fearful,test
Actor_17/03-01-07-01-01-01-17.wav,disgust,train
Actor_17/03-01-07-01-01-02-17.wav,disgust,train
Actor_17/03-01-07-01-02-01-17.wav,disgust,train
Actor_17/03-01-07-01-02-02-17.wav,disgust,train
Actor_17/03-01-07-02-01-01-17.wav,disgust,train
Actor_17/03-01-07-02-01-02-17.wav,disgust,train
Actor_17/03-01-07-02-02-01-17.wav,disgust,train
Actor_17/03-01-07-02-02-02-17.wav,disgust,train
Actor_17/03-01-08-01-01-01-17.wav,surprised,test
Actor_17/03-01-08-01-01-02-17.wav,surprised,test
Actor_17/03-01-08-01-02-01-17.wav,surprised,train
Actor_17/03-01-08-01-02-02-17.wav,surprised,train
Actor_17/03-01-08-02-01-01-17.wav,surprised,train
Actor_17/03-01-08-02-01-02-17.wav,surprised,train
Actor_17/03-01-08-02-02-01-17.wav,surprised,train
Actor_17/03-01-08-02-02-02-17.wav,surprised,train
Actor_18/03-01-01-01-01-01-18.wav,neutral,train
Actor_18/03-01-01-01-01-02-18.wav,neutral,train
Actor_18/03-01-01-01-02-01-18.wav,neutral,train
Actor_18/03-01-01-01-02-02-18.wav,neutral,train
Actor_18/03-01-02-01-01-01-18.wav,calm,train
Actor_18/03-01-02-01-01-02-18.wav,calm,train
Actor_18/03-01-02-01-02-01-18.wav,calm,test
Actor_18/03-01-02-01-02-02-18.wav,calm,train
Actor_18/03-01-02-02-01-01-18.wav,calm,train
Actor_18/03-01-02-02-01-02-18.wav,calm,train
Actor_18/03-01-02-02-02-01-18.wav,calm,train
Actor_18/03-01-02-02-02-02-18.wav,calm,test
Actor_18/03-01-03-01-01-01-18.wav,happy,train
Actor_18/03-01-03-01-01-02-18.wav,happy,test
Actor_18/03-01-03-01-02-01-18.wav,happy,train
Actor_18/03-01-03-01-02-02-18.wav,happy,train
Actor_18/03-01-03-02-01-01-18.wav,happy,train
Actor_18/03-01-03-02-01-02-18.wav,happy,test
Actor_18/03-01-03-02-02-01-18.wav,happy,train
Actor_18/03-01-03-02-02-02-18.wav,happy,train
Actor_18/03-01-04-01-01-01-18.wav,sad,train
Actor_18/03-01-04-01-01-02-18.wav,sad,train
Actor_18/03-01-04-01-02-01-18.wav,sad,train
Actor_18/03-01-04-01-02-02-18.wav,sad,train
Actor_18/03-01-04-02-01-01-18.wav,sad,test
Actor_18/03-01-04-02-01-02-18.wav,sad,train
Actor_18/03-01-04-02-02-01-18.wav,sad,train
Actor_18/03-01-04-02-02-02-18.wav,sad,train
Actor_18/03-01-05-01-01-01-18.wav,angry,train
Actor_18/03-01-05-01-01-02-18.wav,angry,train
Actor_18/03-01-05-01-02-01-18.wav,angry,train
Actor_18/03-01-05-01-02-02-18.wav,angry,train
Actor_18/03-01-05-02-01-01-18.wav,angry,train
Actor_18/03-01-05-02-01-02-18.wav,angry,train
Actor_18/03-01-05-02-02-01-18.wav,angry,train
Actor_18/03-01-05-02-02-02-18.wav,angry,train
Actor_18/03-01-06-01-01-01-18.wav,fearful,test
Actor_18/03-01-06-01-01-02-18.wav,fearful,train
Actor_18/03-01-06-01-02-01-18.wav,fearful,train
Actor_18/03-01-06-01-02-02-18.wav,fearful,train
Actor_18/03-01-06-02-01-01-18.wav,fearful,test
Actor_18/03-01-06-02-01-02-18.wav,fearful,test
Actor_18/03-01-06-02-02-01-18.wav,fearful,train
Actor_18/03-01-06-02-02-02-18.wav,fearful,test
Actor_18/03-01-07-01-01-01-18.wav,disgust,train
Actor_18/03-01-07-01-01-02-18.wav,disgust,train
Actor_18/03-01-07-01-02-01-18.wav,disgust,train
Actor_18/03-01-07-01-02-02-18.wav,disgust,train
Actor_18/03-01-07-02-01-01-18.wav,disgust,train
Actor_18/03-01-07-02-01-02-18.wav,disgust,train
Actor_18/03-01-07-02-02-01-18.wav,disgust,train
Actor_18/03-01-07-02-02-02-18.wav,disgust,test
Actor_18/03-01-08-01-01-01-18.wav,surprised,train
Actor_18/03-01-08-01-01-02-18.wav,surprised,train
Actor_18/03-01-08-01-02-01-18.wav,surprised,train
Actor_18/03-01-08-01-02-02-18.wav,surprised,train
Actor_18/03-01-08-02-01-01-18.wav,surprised,train
Actor_18/03-01-08-02-01-02-18.wav,surprised,test
Actor_18/03-01-08-02-02-01-18.wav,surprised,train
Actor_18/03-01-08-02-02-02-18.wav,surprised,test
Actor_19/03-01-01-01-01-01-19.wav,neutral,train
Actor_19/03-01-01-01-01-02-19.wav,neutral,train
Actor_19/03-01-01-01-02-01-19.wav,neutral,train
Actor_19/03-01-01-01-02-02-19.wav,neutral,train
Actor_19/03-01-02-01-01-01-19.wav,calm,test
Actor_19/03-01-02-01-01-02-19.wav,calm,train
Actor_19/03-01-02-01-02-01-19.wav,calm,test
Actor_19/03-01-02-01-02-02-19.wav,calm,test
Actor_19/03-01-02-02-01-01-19.wav,calm,train
Actor_19/03-01-02-02-01-02-19.wav,calm,train
Actor_19/03-01-02-02-02-01-19.wav,calm,train
Actor_19/03-01-02-02-02-02-19.wav,calm,train
Actor_19/03-01-03-01-01-01-19.wav,happy,test
Actor_19/03-01-03-01-01-02-19.wav,happy,train
Actor_19/03-01-03-01-02-01-19.wav,happy,train
Actor_19/03-01-03-01-02-02-19.wav,happy,train
Actor_19/03-01-03-02-01-01-19.wav,happy,train
Actor_19/03-01-03-02-01-02-19.wav,happy,train
Actor_19/03-01-03-02-02-01-19.wav,happy,test
Actor_19/03-01-03-02-02-02-19.wav,happy,train
Actor_19/03-01-04-01-01-01-19.wav,sad,train
Actor_19/03-01-04-01-01-02-19.wav,sad,train
Actor_19/03-01-04-01-02-01-19.wav,sad,train
Actor_19/03-01-04-01-02-02-19.wav,sad,train
Actor_19/03-01-04-02-01-01-19.wav,sad,train
Actor_19/03-01-04-02-01-02-19.wav,sad,train
Actor_19/03-01-04-02-02-01-19.wav,sad,train
Actor_19/03-01-04-02-02-02-19.wav,sad,train
Actor_19/03-01-05-01-01-01-19.wav,angry,train
Actor_19/03-01-05-01-01-02-19.wav,angry,train
Actor_19/03-01-05-01-02-01-19.wav,angry,train
Actor_19/03-01-05-01-02-02-19.wav,angry,train
Actor_19/03-01-05-02-01-01-19.wav,angry,train
Actor_19/03-01-05-02-01-02-19.wav,angry,test
Actor_19/03-01-05-02-02-01-19.wav,angry,train
Actor_19/03-01-05-02-02-02-19.wav,angry,test
Actor_19/03-01-06-01-01-01-19.wav,fearful,test
Actor_19/03-01-06-01-01-02-19.wav,fearful,test
Actor_19/03-01-06-01-02-01-19.wav,fearful,train
Actor_19/03-01-06-01-02-02-19.wav,fearful,train
Actor_19/03-01-06-02-01-01-19.wav,fearful,train
Actor_19/03-01-06-02-01-02-19.wav,fearful,train
Actor_19/03-01-06-02-02-01-19.wav,fearful,test
Actor_19/03-01-06-02-02-02-19.wav,fearful,train
Actor_19/03-01-07-01-01-01-19.wav,disgust,test
Actor_19/03-01-07-01-01-02-19.wav,disgust,train
Actor_19/03-01-07-01-02-01-19.wav,disgust,test
Actor_19/03-01-07-01-02-02-19.wav,disgust,train
Actor_19/03-01-07-02-01-01-19.wav,disgust,train
Actor_19/03-01-07-02-01-02-19.wav,disgust,test
Actor_19/03-01-07-02-02-01-19.wav,disgust,train
Actor_19/03-01-07-02-02-02-19.wav,disgust,train
Actor_19/03-01-08-01-01-01-19.wav,surprised,train
Actor_19/03-01-08-01-01-02-19.wav,surprised,train
Actor_19/03-01-08-01-02-01-19.wav,surprised,test
Actor_19/03-01-08-01-02-02-19.wav,surprised,test
Actor_19/03-01-08-02-01-01-19.wav,surprised,train
Actor_19/03-01-08-02-01-02-19.wav,surprised,train
Actor_19/03-01-08-02-02-01-19.wav,surprised,test
Actor_19/03-01-08-02-02-02-19.wav,surprised,train
Actor_20/03-01-01-01-01-01-20.wav,neutral,test
Actor_20/03-01-01-01-01-02-20.wav,neutral,train
Actor_20/03-01-01-01-02-01-20.wav,neutral,train
Actor_20/03-01-01-01-02-02-20.wav,neutral,train
Actor_20/03-01-02-01-01-01-20.wav,calm,train
Actor_20/03-01-02-01-01-02-20.wav,calm,train
Actor_20/03-01-02-01-02-01-20.wav,calm,train
Actor_20/03-01-02-01-02-02-20.wav,calm,train
Actor_20/03-01-02-02-01-01-20.wav,calm,train
Actor_20/03-01-02-02-01-02-20.wav,calm,train
Actor_20/03-01-02-02-02-01-20.wav,calm,train
Actor_20/03-01-02-02-02-02-20.wav,calm,test
Actor_20/03-01-03-01-01-01-20.wav,happy,train
Actor_20/03-01-03-01-01-02-20.wav,happy,train
Actor_20/03-01-03-01-02-01-20.wav,happy,train
Actor_20/03-01-03-01-02-02-20.wav,happy,train
Actor_20/03-01-03-02-01-01-20.wav,happy,train
Actor_20/03-01-03-02-01-02-20.wav,happy,train
Actor_20/03-01-03-02-02-01-20.wav,happy,train
Actor_20/03-01-03-02-02-02-20.wav,happy,train
Actor_20/03-01-04-01-01-01-20.wav,sad,train
Actor_20/03-01-04-01-01-02-20.wav,sad,train
Actor_20/03-01-04-01-02-01-20.wav,sad,test
Actor_20/03-01-04-01-02-02-20.wav,sad,train
Actor_20/03-01-04-02-01-01-20.wav,sad,test
Actor_20/03-01-04-02-01-02-20.wav,sad,train
Actor_20/03-01-04-02-02-01-20.wav,sad,test
Actor_20/03-01-04-02-02-02-20.wav,sad,train
Actor_20/03-01-05-01-01-01-20.wav,angry,train
Actor_20/03-01-05-01-01-02-20.wav,angry,train
Actor_20/03-01-05-01-02-01-20.wav,angry,train
Actor_20/03-01-05-01-02-02-20.wav,angry,train
Actor_20/03-01-05-02-01-01-20.wav,angry,train
Actor_20/03-01-05-02-01-02-20.wav,angry,test
Actor_20/03-01-05-02-02-01-20.wav,angry,train
Actor_20/03-01-05-02-02-02-20.wav,angry,train
Actor_20/03-01-06-01-01-01-20.wav,fearful,train
Actor_20/03-01-06-01-01-02-20.wav,fearful,train
Actor_20/03-01-06-01-02-01-20.wav,fearful,train
Actor_20/03-01-06-01-02-02-20.wav,fearful,train
Actor_20/03-01-06-02-01-01-20.wav,fearful,train
Actor_20/03-01-06-02-01-02-20.wav,fearful,train
Actor_20/03-01-06-02-02-01-20.wav,fearful,train
Actor_20/03-01-06-02-02-02-20.wav,fearful,train
Actor_20/03-01-07-01-01-01-20.wav,disgust,train
Actor_20/03-01-07-01-01-02-20.wav,disgust,train
Actor_20/03-01-07-01-02-01-20.wav,disgust,train
Actor_20/03-01-07-01-02-02-20.wav,disgust,train
Actor_20/03-01-07-02-01-01-20.wav,disgust,train
Actor_20/03-01-07-02-01-02-20.wav,disgust,test
Actor_20/03-01-07-02-02-01-20.wav,disgust,train
Actor_20/03-01-07-02-02-02-20.wav,disgust,train
Actor_20/03-01-08-01-01-01-20.wav,surprised,train
Actor_20/03-01-08-01-01-02-20.wav,surprised,train
Actor_20/03-01-08-01-02-01-20.wav,surprised,train
Actor_20/03-01-08-01-02-02-20.wav,surprised,train
Actor_20/03-01-08-02-01-01-20.wav,surprised,train
Actor_20/03-01-08-02-01-02-20.wav,surprised,train
Actor_20/03-01-08-02-02-01-20.wav,surprised,train
Actor_20/03-01-08-02-02-02-20.wav,surprised,train
Actor_21/03-01-01-01-01-01-21.wav,neutral,test
Actor_21/03-01-01-01-01-02-21.wav,neutral,train
Actor_21/03-01-01-01-02-01-21.wav,neutral,train
Actor_21/03-01-01-01-02-02-21.wav,neutral,train
Actor_21/03-01-02-01-01-01-21.wav,calm,train
Actor_21/03-01-02-01-01-02-21.wav,calm,train
Actor_21/03-01-02-01-02-01-21.wav,calm,train
Actor_21/03-01-02-01-02-02-21.wav,calm,train
Actor_21/03-01-02-02-01-01-21.wav,calm,train
Actor_21/03-01-02-02-01-02-21.wav,calm,train
Actor_21/03-01-02-02-02-01-21.wav,calm,train
Actor_21/03-01-02-02-02-02-21.wav,calm,train
Actor_21/03-01-03-01-01-01-21.wav,happy,train
Actor_21/03-01-03-01-01-02-21.wav,happy,train
Actor_21/03-01-03-01-02-01-21.wav,happy,train
Actor_21/03-01-03-01-02-02-21.wav,happy,train
Actor_21/03-01-03-02-01-01-21.wav,happy,train
Actor_21/03-01-03-02-01-02-21.wav,happy,test
Actor_21/03-01-03-02-02-01-21.wav,happy,train
Actor_21/03-01-03-02-02-02-21.wav,happy,train
Actor_21/03-01-04-01-01-01-21.wav,sad,train
Actor_21/03-01-04-01-01-02-21.wav,sad,train
Actor_21/03-01-04-01-02-01-21.wav,sad,train
Actor_21/03-01-04-01-02-02-21.wav,sad,test
Actor_21/03-01-04-02-01-01-21.wav,sad,train
Actor_21/03-01-04-02-01-02-21.wav,sad,train
Actor_21/03-01-04-02-02-01-21.wav,sad,train
Actor_21/03-01-04-02-02-02-21.wav,sad,train
Actor_21/03-01-05-01-01-01-21.wav,angry,test
Actor_21/03-01-05-01-01-02-21.wav,angry,train
Actor_21/03-01-05-01-02-01-21.wav,angry,train
Actor_21/03-01-05-01-02-02-21.wav,angry,train
Actor_21/03-01-05-02-01-01-21.wav,angry,train
Actor_21/03-01-05-02-01-02-21.wav,angry,test
Actor_21/03-01-05-02-02-01-21.wav,angry,train
Actor_21/03-01-05-02-02-02-21.wav,angry,train
Actor_21/03-01-06-01-01-01-21.wav,fearful,train
Actor_21/03-01-06-01-01-02-21.wav,fearful,train
Actor_21/03-01-06-01-02-01-21.wav,fearful,test
Actor_21/03-01-06-01-02-02-21.wav,fearful,train
Actor_21/03-01-06-02-01-01-21.wav,fearful,train
Actor_21/03-01-06-02-01-02-21.wav,fearful,train
Actor_21/03-01-06-02-02-01-21.wav,fearful,test
Actor_21/03-01-06-02-02-02-21.wav,fearful,test
Actor_21/03-01-07-01-01-01-21.wav,disgust,train
Actor_21/03-01-07-01-01-02-21.wav,disgust,train
Actor_21/03-01-07-01-02-01-21.wav,disgust,train
Actor_21/03-01-07-01-02-02-21.wav,disgust,train
Actor_21/03-01-07-02-01-01-21.wav,disgust,train
Actor_21/03-01-07-02-01-02-21.wav,disgust,train
Actor_21/03-01-07-02-02-01-21.wav,disgust,train
Actor_21/03-01-07-02-02-02-21.wav,disgust,train
Actor_21/03-01-08-01-01-01-21.wav,surprised,test
Actor_21/03-01-08-01-01-02-21.wav,surprised,test
Actor_21/03-01-08-01-02-01-21.wav,surprised,train
Actor_21/03-01-08-01-02-02-21.wav,surprised,train
Actor_21/03-01-08-02-01-01-21.wav,surprised,test
Actor_21/03-01-08-02-01-02-21.wav,surprised,test
Actor_21/03-01-08-02-02-01-21.wav,surprised,train
Actor_21/03-01-08-02-02-02-21.wav,surprised,train
Actor_22/03-01-01-01-01-01-22.wav,neutral,train
Actor_22/03-01-01-01-01-02-22.wav,neutral,test
Actor_22/03-01-01-01-02-01-22.wav,neutral,train
Actor_22/03-01-01-01-02-02-22.wav,neutral,train
Actor_22/03-01-02-01-01-01-22.wav,calm,train
Actor_22/03-01-02-01-01-02-22.wav,calm,train
Actor_22/03-01-02-01-02-01-22.wav,calm,train
Actor_22/03-01-02-01-02-02-22.wav,calm,test
Actor_22/03-01-02-02-01-01-22.wav,calm,train
Actor_22/03-01-02-02-01-02-22.wav,calm,test
Actor_22/03-01-02-02-02-01-22.wav,calm,train
Actor_22/03-01-02-02-02-02-22.wav,calm,train
Actor_22/03-01-03-01-01-01-22.wav,happy,train
Actor_22/03-01-03-01-01-02-22.wav,happy,train
Actor_22/03-01-03-01-02-01-22.wav,happy,train
Actor_22/03-01-03-01-02-02-22.wav,happy,train
Actor_22/03-01-03-02-01-01-22.wav,happy,train
Actor_22/03-01-03-02-01-02-22.wav,happy,train
Actor_22/03-01-03-02-02-01-22.wav,happy,train
Actor_22/03-01-03-02-02-02-22.wav,happy,train
Actor_22/03-01-04-01-01-01-22.wav,sad,test
Actor_22/03-01-04-01-01-02-22.wav,sad,train
Actor_22/03-01-04-01-02-01-22.wav,sad,train
Actor_22/03-01-04-01-02-02-22.wav,sad,test
Actor_22/03-01-04-02-01-01-22.wav,sad,train
Actor_22/03-01-04-02-01-02-22.wav,sad,train
Actor_22/03-01-04-02-02-01-22.wav,sad,train
Actor_22/03-01-04-02-02-02-22.wav,sad,train
Actor_22/03-01-05-01-01-01-22.wav,angry,train
Actor_22/03-01-05-01-01-02-22.wav,angry,test
Actor_22/03-01-05-01-02-01-22.wav,angry,train
Actor_22/03-01-05-01-02-02-22.wav,angry,train
Actor_22/03-01-05-02-01-01-22.wav,angry,train
Actor_22/03-01-05-02-01-02-22.wav,angry,test
Actor_22/03-01-05-02-02-01-22.wav,angry,train
Actor_22/03-01-05-02-02-02-22.wav,angry,train
Actor_22/03-01-06-01-01-01-22.wav,fearful,train
Actor_22/03-01-06-01-01-02-22.wav,fearful,train
Actor_22/03-01-06-01-02-01-22.wav,fearful,train
Actor_22/03-01-06-01-02-02-22.wav,fearful,train
Actor_22/03-01-06-02-01-01-22.wav,fearful,test
Actor_22/03-01-06-02-01-02-22.wav,fearful,train
Actor_22/03-01-06-02-02-01-22.wav,fearful,train
Actor_22/03-01-06-02-02-02-22.wav,fearful,train
Actor_22/03-01-07-01-01-01-22.wav,disgust,train
Actor_22/03-01-07-01-01-02-22.wav,disgust,test
Actor_22/03-01-07-01-02-01-22.wav,disgust,train
Actor_22/03-01-07-01-02-02-22.wav,disgust,train
Actor_22/03-01-07-02-01-01-22.wav,disgust,train
Actor_22/03-01-07-02-01-02-22.wav,disgust,train
Actor_22/03-01-07-02-02-01-22.wav,disgust,train
Actor_22/03-01-07-02-02-02-22.wav,disgust,train
Actor_22/03-01-08-01-01-01-22.wav,surprised,train
Actor_22/03-01-08-01-01-02-22.wav,surprised,train
Actor_22/03-01-08-01-02-01-22.wav,surprised,train
Actor_22/03-01-08-01-02-02-22.wav,surprised,test
Actor_22/03-01-08-02-01-01-22.wav,surprised,train
Actor_22/03-01-08-02-01-02-22.wav,surprised,train
Actor_22/03-01-08-02-02-01-22.wav,surprised,train
Actor_22/03-01-08-02-02-02-22.wav,surprised,train
Actor_23/03-01-01-01-01-01-23.wav,neutral,train
Actor_23/03-01-01-01-01-02-23.wav,neutral,train
Actor_23/03-01-01-01-02-01-23.wav,neutral,train
Actor_23/03-01-01-01-02-02-23.wav,neutral,train
Actor_23/03-01-02-01-01-01-23.wav,calm,train
Actor_23/03-01-02-01-01-02-23.wav,calm,train
Actor_23/03-01-02-01-02-01-23.wav,calm,test
Actor_23/03-01-02-01-02-02-23.wav,calm,train
Actor_23/03-01-02-02-01-01-23.wav,calm,train
Actor_23/03-01-02-02-01-02-23.wav,calm,train
Actor_23/03-01-02-02-02-01-23.wav,calm,test
Actor_23/03-01-02-02-02-02-23.wav,calm,test
Actor_23/03-01-03-01-01-01-23.wav,happy,train
Actor_23/03-01-03-01-01-02-23.wav,happy,train
Actor_23/03-01-03-01-02-01-23.wav,happy,test
Actor_23/03-01-03-01-02-02-23.wav,happy,test
Actor_23/03-01-03-02-01-01-23.wav,happy,train
Actor_23/03-01-03-02-01-02-23.wav,happy,train
Actor_23/03-01-03-02-02-01-23.wav,happy,train
Actor_23/03-01-03-02-02-02-23.wav,happy,train
Actor_23/03-01-04-01-01-01-23.wav,sad,train
Actor_23/03-01-04-01-01-02-23.wav,sad,train
Actor_23/03-01-04-01-02-01-23.wav,sad,train
Actor_23/03-01-04-01-02-02-23.wav,sad,test
Actor_23/03-01-04-02-01-01-23.wav,sad,train
Actor_23/03-01-04-02-01-02-23.wav,sad,train
Actor_23/03-01-04-02-02-01-23.wav,sad,test
Actor_23/03-01-04-02-02-02-23.wav,sad,train
Actor_23/03-01-05-01-01-01-23.wav,angry,train
Actor_23/03-01-05-01-01-02-23.wav,angry,train
Actor_23/03-01-05-01-02-01-23.wav,angry,train
Actor_23/03-01-05-01-02-02-23.wav,angry,train
Actor_23/03-01-05-02-01-01-23.wav,angry,train
Actor_23/03-01-05-02-01-02-23.wav,angry,test
Actor_23/03-01-05-02-02-01-23.wav,angry,train
Actor_23/03-01-05-02-02-02-23.wav,angry,train
Actor_23/03-01-06-01-01-01-23.wav,fearful,train
Actor_23/03-01-06-01-01-02-23.wav,fearful,train
Actor_23/03-01-06-01-02-01-23.wav,fearful,train
Actor_23/03-01-06-01-02-02-23.wav,fearful,train
Actor_23/03-01-06-02-01-01-23.wav,fearful,test
Actor_23/03-01-06-02-01-02-23.wav,fearful,train
Actor_23/03-01-06-02-02-01-23.wav,fearful,train
Actor_23/03-01-06-02-02-02-23.wav,fearful,train
Actor_23/03-01-07-01-01-01-23.wav,disgust,train
Actor_23/03-01-07-01-01-02-23.wav,disgust,train
Actor_23/03-01-07-01-02-01-23.wav,disgust,train
Actor_23/03-01-07-01-02-02-23.wav,disgust,test
Actor_23/03-01-07-02-01-01-23.wav,disgust,train
Actor_23/03-01-07-02-01-02-23.wav,disgust,train
Actor_23/03-01-07-02-02-01-23.wav,disgust,train
Actor_23/03-01-07-02-02-02-23.wav,disgust,train
Actor_23/03-01-08-01-01-01-23.wav,surprised,train
Actor_23/03-01-08-01-01-02-23.wav,surprised,train
Actor_23/03-01-08-01-02-01-23.wav,surprised,train
Actor_23/03-01-08-01-02-02-23.wav,surprised,train
Actor_23/03-01-08-02-01-01-23.wav,surprised,train
Actor_23/03-01-08-02-01-02-23.wav,surprised,train
Actor_23/03-01-08-02-02-01-23.wav,surprised,train
Actor_23/03-01-08-02-02-02-23.wav,surprised,train
Actor_24/03-01-01-01-01-01-24.wav,neutral,train
Actor_24/03-01-01-01-01-02-24.wav,neutral,train
Actor_24/03-01-01-01-02-01-24.wav,neutral,train
Actor_24/03-01-01-01-02-02-24.wav,neutral,train
Actor_24/03-01-02-01-01-01-24.wav,calm,train
Actor_24/03-01-02-01-01-02-24.wav,calm,train
Actor_24/03-01-02-01-02-01-24.wav,calm,train
Actor_24/03-01-02-01-02-02-24.wav,calm,test
Actor_24/03-01-02-02-01-01-24.wav,calm,train
Actor_24/03-01-02-02-01-02-24.wav,calm,test
Actor_24/03-01-02-02-02-01-24.wav,calm,train
Actor_24/03-01-02-02-02-02-24.wav,calm,test
Actor_24/03-01-03-01-01-01-24.wav,happy,test
Actor_24/03-01-03-01-01-02-24.wav,happy,train
Actor_24/03-01-03-01-02-01-24.wav,happy,test
Actor_24/03-01-03-01-02-02-24.wav,happy,train
Actor_24/03-01-03-02-01-01-24.wav,happy,train
Actor_24/03-01-03-02-01-02-24.wav,happy,train
Actor_24/03-01-03-02-02-01-24.wav,happy,train
Actor_24/03-01-03-02-02-02-24.wav,happy,test
Actor_24/03-01-04-01-01-01-24.wav,sad,test
Actor_24/03-01-04-01-01-02-24.wav,sad,test
Actor_24/03-01-04-01-02-01-24.wav,sad,test
Actor_24/03-01-04-01-02-02-24.wav,sad,train
Actor_24/03-01-04-02-01-01-24.wav,sad,test
Actor_24/03-01-04-02-01-02-24.wav,sad,test
Actor_24/03-01-04-02-02-01-24.wav,sad,train
Actor_24/03-01-04-02-02-02-24.wav,sad,test
Actor_24/03-01-05-01-01-01-24.wav,angry,train
Actor_24/03-01-05-01-01-02-24.wav,angry,train
Actor_24/03-01-05-01-02-01-24.wav,angry,test
Actor_24/03-01-05-01-02-02-24.wav,angry,train
Actor_24/03-01-05-02-01-01-24.wav,angry,test
Actor_24/03-01-05-02-01-02-24.wav,angry,train
Actor_24/03-01-05-02-02-01-24.wav,angry,test
Actor_24/03-01-05-02-02-02-24.wav,angry,train
Actor_24/03-01-06-01-01-01-24.wav,fearful,test
Actor_24/03-01-06-01-01-02-24.wav,fearful,test
Actor_24/03-01-06-01-02-01-24.wav,fearful,train
Actor_24/03-01-06-01-02-02-24.wav,fearful,train
Actor_24/03-01-06-02-01-01-24.wav,fearful,train
Actor_24/03-01-06-02-01-02-24.wav,fearful,train
Actor_24/03-01-06-02-02-01-24.wav,fearful,train
Actor_24/03-01-06-02-02-02-24.wav,fearful,train
Actor_24/03-01-07-01-01-01-24.wav,disgust,train
Actor_24/03-01-07-01-01-02-24.wav,disgust,train
Actor_24/03-01-07-01-02-01-24.wav,disgust,train
Actor_24/03-01-07-01-02-02-24.wav,disgust,train
Actor_24/03-01-07-02-01-01-24.wav,disgust,test
Actor_24/03-01-07-02-01-02-24.wav,disgust,test
Actor_24/03-01-07-02-02-01-24.wav,disgust,train
Actor_24/03-01-07-02-02-02-24.wav,disgust,train
Actor_24/03-01-08-01-01-01-24.wav,surprised,train
Actor_24/03-01-08-01-01-02-24.wav,surprised,train
Actor_24/03-01-08-01-02-01-24.wav,surprised,test
Actor_24/03-01-08-01-02-02-24.wav,surprised,train
Actor_24/03-01-08-02-01-01-24.wav,surprised,train
Actor_24/03-01-08-02-01-02-24.wav,surprised,train
Actor_24/03-01-08-02-02-01-24.wav,surprised,train
Actor_24/03-01-08-02-02-02-24.wav,surprised,train
